{"held_out_skill": 3, "task_a_skill": 0, "headline_rank": 4, "base_total_params": 77958, "break_mode": "none", "ranks": [0, 1, 2, 4, 8, 16], "trainable_pct": [0.0, 0.3361, 0.6722, 1.3443, 2.6886, 5.3773], "held_out_r2": [-0.443355, -0.082128, 0.25292, 0.767234, 0.998089, 0.998237], "task_a_r2": [0.998484, 0.456341, -0.318138, -1.883667, -2.359097, -2.306046], "full": {"held_out_r2": 0.999964, "task_a_r2": -0.947966, "trainable_pct": 100.0}, "frozen": {"held_out_r2": -0.443355, "task_a_r2": 0.998484}}
