{"provenance":{"source":"curriculum/phase3_advanced/ch3.6_compare/compare.py","generator":"site/scripts/vizdata/ch3.6_compare.py","policy":"outputs/ch1.1-bc/bc_policy.ts.pt (ch1.1's OWN canonical policy, bc.py 600 epochs, seed 0, 500 scripted demos; its own eval == 31/50 == 0.62)","seed":0,"device":"cpu","config":"--episodes 50 --pusher_mass 4.0 --block_damp 6.0 --baumgarte 40.0 (horizon 300)","stack":"numpy 2.4.6 / torch 2.10.0 / mujoco 3.10.0","note":"The SAME ch1.1 BC policy in BOTH sims, closed-loop. MuJoCo is the ground truth (its success reproduces ch1.1's own bc.py eval, 31/50 == 0.62); the learner's from-scratch two-point-mass engine keeps only ~1/3 of that (0.20). Matches meta.yaml reference_run. Rollouts are first-of-kind picks (deterministic, not cherry-picked)."},"episodes":50,"world_half":0.346,"pos_tol":0.03,"ang_tol":0.2,"tee":{"bar_half":[0.06,0.015],"stem_half":[0.015,0.045],"stem_offset":0.06},"transfer":{"mujoco":{"k":31,"n":50,"rate":0.62,"ci":[0.4815,0.7414]},"engine":{"k":10,"n":50,"rate":0.2,"ci":[0.1124,0.3304]},"retained":0.3226},"divergence":{"mean_pos_m":0.082256,"mean_ang_rad":0.944621},"rollouts":[{"key":"headline","seed":10000,"why":"MuJoCo succeeds, your engine does not \u2014 the SAME policy, only the physics changed","mj_success":true,"engine_success":false,"mj_steps":27,"engine_steps":300,"mj":[[-0.1529,0.0795,0.4667],[-0.1529,0.0795,0.4667],[-0.1529,0.0795,0.4667],[-0.1529,0.0795,0.4667],[-0.1529,0.0795,0.4667],[-0.1529,0.0795,0.4667],[-0.1529,0.0795,0.4667],[-0.1529,0.0795,0.4667],[-0.1529,0.0795,0.4667],[-0.1508,0.079,0.4795],[-0.1322,0.0774,0.6039],[-0.1307,0.0773,0.6322],[-0.1158,0.0753,0.6076],[-0.0965,0.0666,0.5933],[-0.0755,0.0571,0.5699],[-0.0566,0.049,0.5468],[-0.0406,0.0417,0.5262],[-0.0316,0.0409,0.4899],[-0.0308,0.041,0.4836],[-0.0283,0.0318,0.3768],[-0.0231,0.0207,0.1891],[-0.0225,0.0203,0.1688],[-0.0225,0.0203,0.1688],[-0.0228,0.0189,0.1265],[-0.0229,0.0128,-0.1327],[-0.0224,0.0126,-0.1601],[-0.0224,0.0126,-0.1601],[-0.0224,0.0126,-0.1601]],"engine":[[-0.1529,0.0795,0.4667],[-0.1529,0.0795,0.4667],[-0.0785,0.0338,-0.416],[0.0231,0.0087,0.3733],[0.0324,0.0074,0.4314],[0.0346,0.0023,0.0653],[0.0347,0.0018,0.0399],[0.0348,0.0018,0.0393],[0.0348,0.0018,0.0393],[0.0348,0.0018,0.0393],[0.0348,0.0018,0.0393],[0.0348,0.0018,0.0393],[0.0348,0.0018,0.0393],[0.0348,0.0018,0.0393],[0.0348,0.0018,0.0393],[0.0348,0.0018,0.0393],[0.0348,0.0018,0.0393],[0.0348,0.0018,0.0393],[0.0348,0.0018,0.0393],[0.0348,0.0018,0.0393],[0.0348,0.0018,0.0393],[0.0348,0.0018,0.0393],[0.0348,0.0018,0.0393],[0.0348,0.0018,0.0393],[0.0348,0.0018,0.0393],[0.0348,0.0018,0.0393],[0.0348,0.0018,0.0393],[0.0348,0.0018,0.0393],[0.0348,0.0018,0.0393],[0.0348,0.0018,0.0393],[0.0348,0.0018,0.0393],[0.0348,0.0018,0.0393],[0.0348,0.0018,0.0393],[0.0348,0.0018,0.0393],[0.0348,0.0018,0.0393],[0.0348,0.0018,0.0393],[0.0348,0.0018,0.0393],[0.0348,0.0018,0.0393],[0.0348,0.0018,0.0393],[0.0348,0.0018,0.0393],[0.0348,0.0018,0.0393],[0.0348,0.0018,0.0393],[0.0348,0.0018,0.0393],[0.0348,0.0018,0.0393],[0.0348,0.0018,0.0393],[0.0348,0.0018,0.0393],[0.0348,0.0018,0.0393],[0.0348,0.0018,0.0393]]},{"key":"both","seed":10004,"why":"both sims succeed \u2014 your engine PARTLY works (~1 in 5 episodes transfer)","mj_success":true,"engine_success":true,"mj_steps":69,"engine_steps":55,"mj":[[-0.0698,0.206,-0.254],[-0.0698,0.206,-0.254],[-0.0698,0.206,-0.254],[-0.0698,0.206,-0.254],[-0.0698,0.206,-0.254],[-0.0698,0.206,-0.254],[-0.0698,0.206,-0.254],[-0.0698,0.206,-0.254],[-0.066,0.199,-0.1387],[-0.0641,0.1943,0.0465],[-0.0608,0.193,0.1358],[-0.0577,0.1923,0.1674],[-0.0442,0.1895,0.2035],[-0.0384,0.1888,0.2051],[-0.0276,0.1871,0.1796],[-0.0229,0.1832,0.1439],[-0.0182,0.1751,0.1025],[-0.0095,0.1338,-0.006],[-0.0086,0.1025,-0.0318],[-0.0068,0.0585,-0.1015],[-0.0134,0.0527,-0.0207],[-0.0138,0.0386,0.0216],[-0.0136,0.0384,0.0174],[-0.0136,0.0384,0.0174],[-0.0136,0.0384,0.0174],[-0.0136,0.0384,0.0174],[-0.0136,0.0384,0.0174],[-0.0136,0.0384,0.0174],[-0.0136,0.0384,0.0174],[-0.0132,0.0379,-0.0948],[-0.0132,0.0379,-0.0949],[-0.0132,0.0379,-0.0949],[-0.0132,0.0379,-0.0949],[-0.0132,0.0379,-0.0949],[-0.0134,0.0334,0.0515],[-0.0134,0.0334,0.0516],[-0.0134,0.0334,0.0516],[-0.0134,0.0334,0.0516],[-0.0134,0.0334,0.0516],[-0.0147,0.0221,-0.2362],[-0.014,0.0215,-0.2735],[-0.014,0.0215,-0.2735],[-0.014,0.0215,-0.2735],[-0.014,0.0215,-0.2735],[-0.0134,0.0166,-0.1682],[-0.0135,0.0115,0.1275],[-0.0135,0.0109,0.1986],[-0.0135,0.0109,0.1986]],"engine":[[-0.0698,0.206,-0.254],[-0.0698,0.206,-0.254],[-0.0698,0.206,-0.254],[-0.0698,0.206,-0.254],[-0.0698,0.206,-0.254],[-0.0698,0.206,-0.254],[-0.0698,0.206,-0.254],[-0.0698,0.206,-0.254],[-0.0698,0.206,-0.254],[-0.0698,0.206,-0.254],[-0.0614,0.2022,-0.4077],[-0.0485,0.1943,-0.547],[-0.049,0.1763,-0.0273],[-0.0501,0.1604,0.3688],[-0.0502,0.1505,0.5841],[-0.0498,0.1415,0.762],[-0.0497,0.1398,0.7955],[-0.0496,0.1388,0.8135],[-0.0495,0.1383,0.8232],[-0.0495,0.138,0.8284],[-0.0511,0.1365,0.8659],[-0.0419,0.1166,0.1576],[-0.0374,0.1085,-0.0812],[-0.0351,0.1035,-0.2095],[-0.0338,0.1007,-0.2786],[-0.0332,0.0991,-0.3157],[-0.0328,0.0983,-0.3357],[-0.0325,0.0975,-0.3523],[-0.0325,0.0974,-0.3555],[-0.0324,0.0973,-0.3571],[-0.0108,0.0886,-0.7471],[0.0056,0.0699,-0.6761],[0.0176,0.0492,-0.3117],[0.0287,0.02,0.2236],[0.0358,0.0159,0.2399],[0.0395,0.0137,0.2487],[0.0416,0.0125,0.2534],[0.0427,0.0118,0.256],[0.0433,0.0115,0.2574],[0.0438,0.0112,0.2585],[0.0439,0.0111,0.2587],[0.0383,0.0097,0.3549],[0.0307,0.0074,0.4673],[0.0289,0.0003,0.2717],[0.0284,-0.0047,0.1346],[0.028,-0.009,0.0203],[0.0279,-0.0099,-0.0013],[0.0278,-0.0103,-0.0129]]},{"key":"neither","seed":10005,"why":"neither sim succeeds \u2014 the BC policy is imperfect in both, not just yours","mj_success":false,"engine_success":false,"mj_steps":300,"engine_steps":300,"mj":[[-0.0612,0.1142,2.9903],[-0.0612,0.1142,2.9903],[-0.0535,0.0285,0.9035],[-0.0532,0.0288,0.8879],[-0.0497,-0.0031,0.2526],[-0.0497,-0.0031,0.2526],[-0.012,-0.0029,0.2395],[-0.012,-0.0029,0.2395],[-0.012,-0.0029,0.2395],[-0.012,-0.0029,0.2395],[-0.012,-0.0029,0.2395],[-0.012,-0.0029,0.2395],[-0.012,-0.0029,0.2395],[-0.012,-0.0029,0.2395],[-0.012,-0.0029,0.2395],[-0.012,-0.0029,0.2395],[-0.012,-0.0029,0.2395],[-0.012,-0.0029,0.2395],[-0.012,-0.0029,0.2395],[-0.012,-0.0029,0.2395],[-0.012,-0.0029,0.2395],[-0.012,-0.0029,0.2395],[-0.012,-0.0029,0.2395],[-0.012,-0.0029,0.2395],[-0.012,-0.0029,0.2395],[-0.012,-0.0029,0.2395],[-0.012,-0.0029,0.2395],[-0.012,-0.0029,0.2395],[-0.012,-0.0029,0.2395],[-0.012,-0.0029,0.2395],[-0.012,-0.0029,0.2395],[-0.012,-0.0029,0.2395],[-0.012,-0.0029,0.2395],[-0.012,-0.0029,0.2395],[-0.012,-0.0029,0.2395],[-0.012,-0.0029,0.2395],[-0.012,-0.0029,0.2395],[-0.012,-0.0029,0.2395],[-0.012,-0.0029,0.2395],[-0.012,-0.0029,0.2395],[-0.012,-0.0029,0.2395],[-0.012,-0.0029,0.2395],[-0.012,-0.0029,0.2395],[-0.012,-0.0029,0.2395],[-0.012,-0.0029,0.2395],[-0.012,-0.0029,0.2395],[-0.012,-0.0029,0.2395],[-0.012,-0.0029,0.2395]],