{"provenance":{"source":"curriculum/phase3_advanced/ch3.2_dreamer/dreamer.py","generator":"site/scripts/vizdata/ch3.2_dreamer.py","seed":0,"device":"cpu","config":"default (latent_dim 16, hidden_dim 128, seq_len 24, episodes 120, wm_epochs 60, imag_horizon 15, imag_iters 400, actor_lr 0.0001, eval_horizon 40, eval_episodes 30); byte-reproducible on CPU","stack":"torch 2.10.0 / mujoco 3.10.0 / numpy 2.4.6","note":"The two eval bars (imagined vs real return) and the two final tee-distances are dreamer.py's OWN eval scalars; the rising imagined-return curve and the falling world-model losses are dreamer.py's OWN per-iteration rerun logs, captured in call order (no re-derivation). seed 0 lands inside meta.yaml's seed-0-2 bands. THE HONEST LESSON \u2014 THE IMAGINATION GAP: the policy trained entirely inside the world model looks like a champion IN IMAGINATION (imagined return climbs, dreamed block parks ~0.01 m from target) and FAILS in reality (real return floors, real block barely moves ~0.16 m, real task success 0% on EVERY seed). Imagination is only as good as your world model, and this one (from 3.1) got the block dynamics wrong. This is NOT 'Dreamer solves PushT' \u2014 it emphatically does not at free-tier scale."},"config":{"imag_iters":400,"imag_horizon":15,"wm_epochs":60,"eval_episodes":30,"eval_horizon":40,"latent_dim":16,"hidden_dim":128},"gap":{"imagined_return":-0.143744,"real_return":-0.383509,"gap":0.239765,"imagined_final_tee_dist":0.011229,"real_final_tee_dist":0.160236,"real_success_rate":0.0},"imagined_return_curve":{"iters":[0,7,14,20,27,34,41,47,54,61,68,74,81,88,95,101,108,115,122,128,135,142,149,156,162,169,176,183,189,196,203,210,216,223,230,237,243,250,257,264,271,277,284,291,298,304,311,318,325,331,338,345,352,358,365,372,379,385,392,399],"reward_per_step":[-0.382326,-0.410223,-0.388657,-0.41265,-0.363819,-0.380887,-0.390097,-0.369392,-0.35183,-0.349636,-0.373631,-0.364093,-0.363151,-0.350098,-0.323808,-0.315792,-0.325558,-0.341013,-0.307262,-0.296699,-0.293808,-0.290134,-0.286601,-0.28204,-0.311176,-0.280673,-0.280671,-0.28308,-0.272553,-0.275131,-0.249876,-0.307468,-0.269125,-0.261907,-0.243722,-0.234914,-0.258506,-0.263746,-0.278822,-0.255713,-0.264641,-0.24521,-0.281762,-0.255646,-0.264447,-0.250123,-0.2594,-0.268804,-0.250475,-0.260599,-0.27657,-0.236282,-0.250421,-0.273278,-0.233981,-0.24467,-0.243579,-0.265126,-0.242202,-0.244016],"start":-0.382326,"final":-0.244016,"real_return":-0.383509},"wm_losses":{"steps":[0,4,8,12,16,20,24,28,32,36,41,45,49,53,57,61,65,69,73,77,81,85,89,93,97,101,105,109,113,117,122,126,130,134,138,142,146,150,154,158,162,166,170,174,178,182,186,190,194,198,203,207,211,215,219,223,227,231,235,239],"recon":[0.605669,0.634052,0.583506,0.536996,0.423247,0.403539,0.370233,0.326105,0.362681,0.432516,0.266916,0.343624,0.275027,0.308279,0.296409,0.242136,0.248351,0.237426,0.207199,0.216243,0.210922,0.181605,0.168835,0.144747,0.128087,0.150568,0.155283,0.112118,0.141011,0.177244,0.167559,0.16211,0.195264,0.12528,0.160788,0.143053,0.122695,0.114226,0.109823,0.100556,0.076216,0.065538,0.063884,0.053694,0.050414,0.051501,0.048779,0.051625,0.04473,0.039571,0.040498,0.033838,0.040578,0.034998,0.042022,0.042128,0.047759,0.038311,0.038058,0.034502],"dyn":[0.008686,0.005741,0.007129,0.020304,0.060541,0.139015,0.342677,0.344043,0.199142,0.131428,0.092762,0.115584,0.067408,0.047504,0.043185,0.048052,0.051697,0.043241,0.041613,0.042407,0.049271,0.067545,0.096926,0.166064,0.231666,0.34579,0.255047,0.200207,0.216706,0.190812,0.244453,0.157039,0.139678,0.137087,0.091182,0.080648,0.06673,0.067706,0.05116,0.052776,0.040851,0.042932,0.036339,0.027629,0.031479,0.027471,0.029297,0.028027,0.025874,0.022178,0.026876,0.016362,0.023561,0.017127,0.020856,0.02135,0.020734,0.023316,0.020387,0.017725]},"seed_band":{"imagined_return":[-0.22,-0.144],"real_return":[-0.392,-0.383],"gap":[0.172,0.24],"imagined_final_tee_dist":[0.005,0.011],"real_final_tee_dist":[0.156,0.16],"real_success_rate":[0.0,0.0]}}
