{"horizon": 24, "act_dim": 3, "q_max": 127, "naive_tokens": 72, "trajectory": [[-0.0813, -0.9234, -0.3783], [0.2458, -0.8048, -0.2037], [0.5402, -0.6088, -0.0432], [0.7786, -0.4271, 0.1111], [0.9206, -0.1895, 0.2246], [0.9525, 0.0303, 0.347], [0.9152, 0.2471, 0.4241], [0.8109, 0.4372, 0.4884], [0.5868, 0.5756, 0.526], [0.3545, 0.6553, 0.5457], [0.0558, 0.734, 0.5176], [-0.2684, 0.7463, 0.5209], [-0.5092, 0.7072, 0.4682], [-0.7733, 0.6208, 0.4434], [-0.9185, 0.5415, 0.4158], [-0.9438, 0.4251, 0.3849], [-0.9218, 0.3347, 0.419], [-0.7936, 0.2763, 0.4013], [-0.5563, 0.2239, 0.4405], [-0.3505, 0.1522, 0.4785], [-0.0093, 0.1013, 0.5403], [0.2505, 0.0666, 0.5739], [0.5381, 0.0726, 0.6057], [0.7413, -0.0043, 0.6193]], "dct_coeffs": [[0.3194, 0.8145, 1.8108], [1.564, -0.9109, -0.8269], [1.4056, -1.969, -0.5315], [-2.312, -0.6709, -0.6817], [-0.2712, -0.0946, -0.1624], [-0.3781, -0.026, -0.1213], [-0.1128, -0.0742, -0.0858], [-0.2053, -0.012, -0.0611], [-0.0597, -0.0065, -0.0529], [-0.1003, -0.0225, -0.03], [-0.037, -0.0302, -0.0376], [-0.0559, -0.0023, -0.0201], [-0.0116, -0.0244, -0.0133], [-0.0346, 0.0257, -0.0248], [-0.0146, -0.0249, -0.0092], [-0.0174, -0.0034, -0.0098], [-0.0018, -0.0118, -0.0072], [-0.0594, 0.0153, 0.0073], [-0.0068, -0.0061, -0.0073], [0.0185, 0.019, -0.0224], [-0.019, -0.0015, 0.0024], [0.0084, 0.0094, 0.0074], [-0.0286, 0.0002, -0.0264], [0.0125, 0.0166, -0.0035]], "keep_grid": [3, 6, 12, 24], "scale_grid": [0.025, 0.05, 0.1], "settings": [{"keep_coeffs": 3, "q_scale": 0.025, "tokens": 18, "rmse": 0.30362, "recon": [[0.9207, -0.6561, -0.0205], [0.8856, -0.6131, -0.0062], [0.8175, -0.5299, 0.0217], [0.7201, -0.4117, 0.0616], [0.599, -0.2658, 0.1114], [0.4609, -0.1013, 0.1686], [0.3134, 0.0715, 0.2302], [0.1643, 0.2422, 0.2931], [0.0214, 0.4006, 0.3543], [-0.1081, 0.5372, 0.4111], [-0.2183, 0.6445, 0.461], [-0.3046, 0.7167, 0.5021], [-0.3641, 0.7507, 0.5333], [-0.3957, 0.7458, 0.5539], [-0.4004, 0.7042, 0.5642], [-0.3808, 0.6304, 0.565], [-0.3409, 0.5309, 0.5577], [-0.2862, 0.4141, 0.5442], [-0.2227, 0.2893, 0.5267], [-0.157, 0.1662, 0.5074], [-0.0954, 0.0543, 0.4888], [-0.0436, -0.0379, 0.4727], [-0.0062, -0.1035, 0.461], [0.0133, -0.1376, 0.4548]]}, {"keep_coeffs": 3, "q_scale": 0.05, "tokens": 18, "rmse": 0.30366, "recon": [[0.9084, -0.6541, -0.0348], [0.8735, -0.6116, -0.0199], [0.8056, -0.5293, 0.0091], [0.7086, -0.4124, 0.0507], [0.5879, -0.2681, 0.1026], [0.4504, -0.1055, 0.1622], [0.3035, 0.0655, 0.2264], [0.1552, 0.2344, 0.2919], [0.0131, 0.3911, 0.3556], [-0.1156, 0.5264, 0.4145], [-0.2249, 0.6327, 0.4662], [-0.3102, 0.7044, 0.5088], [-0.3687, 0.7384, 0.5409], [-0.3994, 0.7341, 0.562], [-0.4032, 0.6934, 0.5723], [-0.3827, 0.6209, 0.5726], [-0.342, 0.5231, 0.5645], [-0.2865, 0.4081, 0.5499], [-0.2224, 0.2852, 0.5312], [-0.1561, 0.1639, 0.5107], [-0.094, 0.0536, 0.4908], [-0.0418, -0.0373, 0.4738], [-0.0042, -0.102, 0.4614], [0.0154, -0.1356, 0.4549]]}, {"keep_coeffs": 3, "q_scale": 0.1, "tokens": 18, "rmse": 0.30371, "recon": [[0.9228, -0.6684, -0.0061], [0.8876, -0.6249, 0.0076], [0.8192, -0.5408, 0.0342], [0.7215, -0.4212, 0.0724], [0.5999, -0.2737, 0.1202], [0.4612, -0.1074, 0.175], [0.313, 0.0674, 0.234], [0.1632, 0.2399, 0.2944], [0.0195, 0.3999, 0.3531], [-0.1109, 0.5378, 0.4077], [-0.222, 0.646, 0.4557], [-0.3092, 0.7187, 0.4954], [-0.3697, 0.7527, 0.5256], [-0.4023, 0.7474, 0.5458], [-0.4079, 0.7049, 0.5562], [-0.3891, 0.6297, 0.5574], [-0.35, 0.5286, 0.551], [-0.2961, 0.41, 0.5385], [-0.2333, 0.2833, 0.5222], [-0.1681, 0.1584, 0.5042], [-0.107, 0.0448, 0.4867], [-0.0555, -0.0487, 0.4716], [-0.0184, -0.1153, 0.4606], [0.001, -0.1499, 0.4548]]}, {"keep_coeffs": 6, "q_scale": 0.025, "tokens": 24, "rmse": 0.03914, "recon": [[0.0903, -0.8819, -0.2876], [0.2173, -0.7996, -0.2189], [0.4352, -0.6452, -0.0954], [0.6825, -0.4375, 0.0586], [0.8909, -0.2003, 0.2154], [1.0036, 0.0413, 0.351], [0.99, 0.2646, 0.45], [0.8505, 0.4524, 0.5078], [0.6118, 0.5937, 0.5295], [0.3153, 0.6846, 0.5259], [0.0044, 0.7263, 0.5086], [-0.2866, 0.7245, 0.4867], [-0.5355, 0.6871, 0.465], [-0.7307, 0.6232, 0.445], [-0.865, 0.5419, 0.427], [-0.93, 0.4522, 0.4122], [-0.9149, 0.3616, 0.4043], [-0.8094, 0.2768, 0.4081], [-0.612, 0.2025, 0.4279], [-0.3366, 0.1416, 0.4647], [-0.0167, 0.0951, 0.5142], [0.2977, 0.0624, 0.5674], [0.5499, 0.0421, 0.6124], [0.6904, 0.0325, 0.6383]]}, {"keep_coeffs": 6, "q_scale": 0.05, "tokens": 21, "rmse": 0.0399, "recon": [[0.0782, -0.8796, -0.3022], [0.2062, -0.796, -0.2346], [0.4256, -0.6401, -0.1125], [0.6739, -0.432, 0.0415], [0.8817, -0.197, 0.201], [0.9925, 0.0396, 0.3422], [0.9763, 0.2558, 0.449], [0.8349, 0.436, 0.515], [0.5962, 0.5717, 0.5432], [0.3026, 0.6605, 0.5425], [-0.003, 0.7045, 0.5239], [-0.2875, 0.7085, 0.4971], [-0.5308, 0.6785, 0.4689], [-0.7233, 0.6214, 0.4431], [-0.8587, 0.5443, 0.4218], [-0.9284, 0.4552, 0.4073], [-0.9196, 0.3623, 0.4026], [-0.82, 0.2736, 0.411], [-0.6251, 0.1958, 0.4349], [-0.3479, 0.1336, 0.4736], [-0.022, 0.0882, 0.5224], [0.3008, 0.0586, 0.573], [0.5609, 0.0417, 0.6148], [0.7063, 0.0343, 0.6386]]}, {"keep_coeffs": 6, "q_scale": 0.1, "tokens": 23, "rmse": 0.04071, "recon": [[0.0786, -0.8944, -0.2874], [0.2102, -0.8133, -0.2173], [0.4355, -0.6605, -0.0911], [0.6905, -0.4531, 0.067], [0.904, -0.2138, 0.2287], [1.0173, 0.0328, 0.3689], [0.9998, 0.2633, 0.4705], [0.8531, 0.4585, 0.5277], [0.6063, 0.6055, 0.5446], [0.3035, 0.6984, 0.532], [-0.0104, 0.7379, 0.5032], [-0.3005, 0.7303, 0.4698], [-0.5457, 0.6854, 0.4397], [-0.7364, 0.6147, 0.4167], [-0.8671, 0.5294, 0.402], [-0.931, 0.439, 0.3959], [-0.9175, 0.3508, 0.3992], [-0.8155, 0.2698, 0.4135], [-0.6221, 0.1989, 0.4398], [-0.3497, 0.1394, 0.4773], [-0.0312, 0.0917, 0.522], [0.2834, 0.0561, 0.567], [0.5366, 0.0323, 0.6038], [0.6779, 0.0204, 0.6245]]}, {"keep_coeffs": 12, "q_scale": 0.025, "tokens": 32, "rmse": 0.01432, "recon": [[-0.0479, -0.9137, -0.3559], [0.2087, -0.8037, -0.219], [0.548, -0.6227, -0.0373], [0.7983, -0.4125, 0.109], [0.9194, -0.191, 0.219], [0.9546, 0.0381, 0.3268], [0.9222, 0.2593, 0.4301], [0.8026, 0.445, 0.4965], [0.5965, 0.5788, 0.5184], [0.3383, 0.6677, 0.5221], [0.0557, 0.7247, 0.5245], [-0.241, 0.7462, 0.5128], [-0.5279, 0.7168, 0.4768], [-0.76, 0.6358, 0.4347], [-0.9049, 0.5279, 0.4106], [-0.9584, 0.4252, 0.4046], [-0.9203, 0.3423, 0.4022], [-0.7855, 0.2743, 0.404], [-0.5692, 0.2134, 0.4261], [-0.3118, 0.1589, 0.4744], [-0.0389, 0.112, 0.5325], [0.2518, 0.0708, 0.5794], [0.5364, 0.0352, 0.6071], [0.7254, 0.0127, 0.6187]]}, {"keep_coeffs": 12, "q_scale": 0.05, "tokens": 29, "rmse": 0.01724, "recon": [[-0.0591, -0.9044, -0.3778], [0.2031, -0.796, -0.2401], [0.5428, -0.6203, -0.0509], [0.7839, -0.4168, 0.105], [0.897, -0.197, 0.2143], [0.9364, 0.0363, 0.3132], [0.9157, 0.259, 0.4177], [0.8003, 0.436, 0.5017], [0.5867, 0.5565, 0.5382], [0.3211, 0.6407, 0.5377], [0.0428, 0.7045, 0.5294], [-0.2428, 0.7333, 0.5211], [-0.5242, 0.7033, 0.4962], [-0.7581, 0.6214, 0.4486], [-0.903, 0.5245, 0.4009], [-0.951, 0.44, 0.3802], [-0.9118, 0.3623, 0.3892], [-0.7888, 0.2768, 0.4127], [-0.5895, 0.1926, 0.4434], [-0.3364, 0.1336, 0.4869], [-0.0499, 0.1034, 0.5411], [0.2593, 0.0784, 0.5872], [0.553, 0.0417, 0.6093], [0.7423, 0.0095, 0.6129]]}, {"keep_coeffs": 12, "q_scale": 0.1, "tokens": 29, "rmse": 0.02257, "recon": [[-0.0705, -0.9211, -0.365], [0.2095, -0.8244, -0.234], [0.5638, -0.6495, -0.036], [0.8066, -0.4265, 0.1475], [0.9184, -0.1872, 0.2714], [0.9584, 0.0438, 0.3456], [0.9323, 0.2522, 0.4072], [0.808, 0.4318, 0.4771], [0.5975, 0.5788, 0.541], [0.3425, 0.6873, 0.5676], [0.053, 0.7489, 0.5425], [-0.2703, 0.7569, 0.4842], [-0.5726, 0.7121, 0.4286], [-0.7776, 0.6258, 0.3995], [-0.8782, 0.5183, 0.3943], [-0.9256, 0.4123, 0.3961], [-0.9258, 0.3241, 0.3966], [-0.8201, 0.2588, 0.4048], [-0.591, 0.2099, 0.4352], [-0.3107, 0.166, 0.4879], [-0.0439, 0.1184, 0.5449], [0.2272, 0.0671, 0.584], [0.5151, 0.0213, 0.5984], [0.7237, -0.0062, 0.5987]]}, {"keep_coeffs": 24, "q_scale": 0.025, "tokens": 46, "rmse": 0.0075,